,YEAR,MONTH,WEEK,quantity,unit_price,fem,pol1,total_cost,DCM,gross_sales,avg_inventory_whp,avg_inventory_sales,product_cost_mxn,DCM_margin,qty_last_week,qty_avg_prev_4w,price_avg_last_week,cost_avg_last_week,price_avg_prev_4w,cost_avg_prev_4w,event_effect
0,2023,1,1,10417.0,11007.037173880652,0.124673640167364,0.0620849372384937,7528.909480906692,3478.127692973961,400179.430364708,24.821670942429844,34.00418410041841,5219.796142753808,0.3223149839623639,,,,,,,-5
1,2023,1,2,8675.0,10995.922702919976,0.1230875,0.0634570833333333,7529.661723848269,3466.260979071708,341333.11506894225,18.07934493083009,30.079166666666666,5259.081003107751,0.3229639880233588,10417.0,10417.0,11007.037173880652,7528.909480906692,11007.037173880652,7528.909480906692,-5
2,2023,1,3,8215.0,10842.036451710508,0.1238283261802575,0.0622854077253218,7371.61455517792,3470.421896532589,331713.73835451144,21.820226068857995,31.248927038626608,5150.683951423005,0.3240514519998462,8675.0,9546.0,10995.922702919976,7529.661723848269,11001.479938400313,7529.28560237748,-5
3,2023,1,4,8756.0,10917.268311776505,0.1187660550458715,0.0629,7515.661302068271,3401.6070097082347,363501.9265765896,19.4588462583101,35.64678899082569,5240.308749022432,0.3204506079379932,8215.0,9102.333333333334,10842.036451710508,7371.61455517792,10948.332109503712,7476.7285866442935,-5
4,2023,1,5,8435.0,10742.820781455614,0.1210084745762711,0.0600949152542373,7455.689424882747,3287.131356572867,319398.9380956107,19.953217054467352,33.860169491525426,5286.960041731271,0.3139416390719174,8756.0,9015.75,10917.268311776505,7515.661302068271,10940.56616007191,7486.461765500288,-5
5,2023,2,6,6632.0,10995.724224280268,0.1255265486725663,0.0651982300884955,7501.296480493898,3494.4277437863684,268471.10588119813,18.232882012369156,35.45575221238938,5191.468537776903,0.3247643216862034,8435.0,8520.25,10742.820781455614,7455.689424882747,10874.512061965652,7468.156751494302,-5
6,2023,2,7,7338.0,10679.579531441535,0.1245879629629629,0.0663611111111111,7421.54742067925,3258.032110762284,310783.959726226,17.116020775193903,37.76851851851852,5161.1937437433335,0.3131343000482256,6632.0,8009.5,10995.724224280268,7501.296480493898,10874.462442305725,7461.065440655709,0
7,2023,2,8,7201.0,10868.31611866942,0.1214816513761467,0.0647788990825688,7498.318129733677,3369.9979889357437,308851.23389845894,27.52972852722454,36.77522935779817,5225.7483490872255,0.3180939044684994,7338.0,7790.25,10679.579531441535,7421.54742067925,10833.84821223848,7473.548657031041,0
8,2023,2,9,8794.0,10835.323377234774,0.1216724890829694,0.0650240174672489,7465.494122100935,3369.8292551338395,352350.18985518906,33.66192946668955,35.54148471615721,5197.750076244564,0.3210039302310319,7201.0,7401.5,10868.31611866942,7498.318129733677,10821.610163961708,7469.212863947393,0
9,2023,3,10,7576.0,10905.591606871552,0.1207610619469026,0.063312831858407,7511.546485351544,3394.045121520008,301887.359926266,22.4613786785428,37.584070796460175,5234.697676848253,0.3153774175977638,8794.0,7491.25,10835.323377234774,7465.494122100935,10844.7358129065,7471.66403825194,0
10,2023,3,11,6033.0,11081.300218629933,0.1186071428571428,0.06495625,7689.259401319592,3392.04081731034,247541.41720137824,25.78365805752008,36.08928571428572,5357.245835467032,0.3125747781025442,7576.0,7727.25,10905.591606871552,7511.546485351544,10822.20265855432,7474.226539466352,0
11,2023,3,12,6287.0,10736.250119573177,0.1206713615023474,0.0660577464788732,7470.431408814947,3265.818710758228,268605.4578811791,21.82028886054041,38.816901408450704,5198.820211711691,0.3077830013123567,6033.0,7401.0,11081.300218629933,7689.259401319592,10922.63283035142,7541.154534626437,0
12,2023,3,13,6036.0,10791.614522336322,0.1176609442060085,0.0652738197424892,7521.346561359447,3270.2679609768743,230693.62289712412,108.48301666538887,36.622317596566525,5269.037139545987,0.3045733438213941,6287.0,7172.5,10736.250119573177,7470.431408814947,10889.616330577359,7534.182854396755,0
13,2023,4,14,6360.0,10844.301606057852,0.127757281553398,0.0688936893203883,7551.700168983638,3292.601437074212,278042.8477380433,33.4901699770353,42.19417475728155,5115.2976583167965,0.3116493292909265,6036.0,6483.0,10791.614522336322,7521.346561359447,10878.689116852745,7548.145964211382,0
14,2023,4,15,6869.0,10652.76561838701,0.1180327102803738,0.0615247663551401,7432.006063814258,3220.759554572752,293714.4304425063,31.996259402418417,39.47663551401869,5217.773315076099,0.3123537863204592,6360.0,6179.0,10844.301606057852,7551.700168983638,10863.36661664932,7558.184385119406,0
15,2023,4,16,6563.0,10640.01151059744,0.1198348623853211,0.0625266055045871,7493.357331125389,3146.6541794720524,267865.4763143279,26.173991610935172,38.99082568807339,5265.619457477477,0.3130288721103686,6869.0,6388.0,10652.76561838701,7432.006063814258,10756.23296658859,7493.871050743072,0
16,2023,4,17,11353.0,10658.991529728,0.1236548672566371,0.0626845132743362,7566.223169782221,3092.768359945779,476005.7876323513,48.54951295003486,37.91150442477876,5335.411394965487,0.3014709977806865,6563.0,6457.0,10640.01151059744,7493.357331125389,10732.173314344656,7499.602531320683,0
17,2023,5,18,9505.0,10693.56143538682,0.1227061611374407,0.0646890995260663,7627.06626368011,3066.4951717067106,392096.0715305228,37.466684876921626,41.41232227488152,5395.103725400545,0.2984610150699104,11353.0,7786.25,10658.991529728,7566.223169782221,10699.017566192575,7510.821683426377,1
18,2023,5,19,11361.0,10514.070122241295,0.1186923076923077,0.0577900452488687,7428.48757853956,3085.5825437017343,454198.2063447853,32.470271820974,38.588235294117645,5259.285603652737,0.3047493937335344,9505.0,8572.5,10693.56143538682,7627.06626368011,10661.332523524818,7529.663207100493,1
19,2023,5,20,8534.0,10541.730564358057,0.1202739726027397,0.0605269406392694,7461.066757547847,3080.663806810207,353011.9964120657,30.87620795484265,38.63470319634703,5248.718815080137,0.3016376779003289,11361.0,9695.5,10514.070122241295,7428.48757853956,10626.658649488389,7528.783585781819,0
20,2023,5,21,7526.0,10366.087178479396,0.1181913875598086,0.0611272727272727,7238.962644112206,3127.12453436719,316159.24051852804,34.97364207075557,41.526315789473685,5103.387419376675,0.3096040431119298,8534.0,10188.25,10541.730564358057,7461.066757547847,10602.088412928544,7520.710942387435,0
21,2023,5,22,17209.0,10633.765506928075,0.1154146341463414,0.0566012195121951,7634.895173299746,2998.8703336283297,625571.198264312,27.41910969734492,35.93089430894309,5512.445428766158,0.2883616500385083,7526.0,9231.5,10366.087178479396,7238.962644112206,10528.862325116392,7438.8958109699315,0
22,2023,6,23,13793.0,10505.53663107028,0.1198008474576271,0.0641529661016949,7652.054348108495,2853.482282961786,540194.783136968,18.792823877233143,37.08050847457627,5407.834154275742,0.2790354001687526,17209.0,11157.5,10633.765506928075,7634.895173299746,10513.913343001706,7440.85303837484,0
23,2023,6,24,5783.0,10637.786549691516,0.1171681415929203,0.0633787610619469,7535.050959124474,3102.735590567044,238009.85026312456,23.181997283840342,38.73893805309734,5292.888276349448,0.3010789653202181,13793.0,11765.5,10505.53663107028,7652.054348108495,10511.77997020895,7496.744730767074,0
24,2023,6,25,5893.0,10477.56658301522,0.1240599078341013,0.0651078341013824,7309.269162250072,3168.297420765147,242829.4057609028,32.297548537914594,39.903225806451616,5091.885631955323,0.3152760059315089,5783.0,11077.75,10637.786549691516,7535.050959124474,10535.793966542316,7515.24078116123,0
25,2023,6,26,5970.0,10819.235235470933,0.1235913043478261,0.0685317391304347,7733.074368761619,3086.1608667093124,242323.9603904081,33.47813111372699,39.15217391304348,5339.582903189805,0.2974411830504697,5893.0,10669.5,10477.56658301522,7309.269162250072,10563.663817676272,7532.817410695697,0
26,2023,7,27,6300.0,10857.95357595995,0.1233464912280701,0.0642934210526315,7534.506871830507,3323.446704129442,257695.3600461459,25.31714114275198,39.8640350877193,5252.7184780179605,0.3177185425814327,5970.0,7859.75,10819.235235470933,7733.074368761619,10610.031249811987,7557.3622095611645,0
27,2023,7,28,6477.0,10686.15215790714,0.1184932735426008,0.0634008968609865,7575.208092343433,3110.944065563708,271833.4627425277,33.90992743135079,41.11659192825112,5344.466991766346,0.2995150399006408,6300.0,5986.5,10857.95357595995,7534.506871830507,10698.135486034404,7527.975340491667,0
28,2023,7,29,7438.0,10735.78808696611,0.1238215962441314,0.0675399061032863,7459.119777559675,3276.6683094064347,325869.85248663544,36.090263967865646,43.51643192488263,5151.41598545838,0.3115597937832984,6477.0,6160.0,10686.15215790714,7575.208092343433,10710.22688808831,7538.014623796407,0
29,2023,7,30,8087.0,10547.005266600288,0.1200133333333333,0.0628853333333333,7332.863787805404,3214.141478794883,340099.9903321296,24.52184205288317,41.42286052529651,5279.2459761818,0.3176852049808309,7438.0,6546.25,10735.78808696611,7459.119777559675,10774.782264076033,7575.477277623808,0
30,2023,7,31,6138.0,10736.184458168298,0.1200516431924882,0.064500469483568,7401.733571261702,3334.450886906596,270360.83818230126,23.44227283933144,43.592067807674354,5264.926320499507,0.322493365259675,8087.0,7075.5,10547.005266600288,7332.863787805404,10706.724771858371,7475.424632384755,0
31,2023,8,32,5909.0,10620.7385488497,0.1213452914798206,0.063519730941704,7334.442386519082,3286.2961623306173,251161.73264684627,25.224259743581428,41.60086537354888,5238.898870957735,0.3133984735098292,6138.0,7035.0,10736.184458168298,7401.733571261702,10676.282492410459,7442.231307242554,0
32,2023,8,33,7094.0,10593.597610627305,0.1221330472103004,0.0657120171673819,7337.848682948489,3255.7489276788165,283510.97590735526,28.910566433276475,39.91385372864246,5171.22601585088,0.3068175395302714,5909.0,6893.0,10620.7385488497,7334.442386519082,10659.929090146099,7382.039880786466,0
33,2023,8,34,6578.0,10844.270715546812,0.1227203389830508,0.0654877118644067,7373.016148127734,3471.2545674190783,259113.20364278968,29.12997767928795,38.93994643656742,5197.134551393453,0.331521641293174,7094.0,6807.0,10593.597610627305,7337.848682948489,10624.381471061397,7351.72210713367,0
34,2023,8,35,7500.0,10798.851122883769,0.1256666666666666,0.0667758333333333,13466.18640685393,-2667.3352839701647,4216319.595031287,25.43881982898644,38.72614450325021,5229.9986400388125,-0.2691303906813309,6578.0,6429.75,10844.270715546812,7373.016148127734,10698.697833298029,7361.760197214251,0
35,2023,9,36,7600.0,10695.174194195126,0.1240707964601769,0.0640371681415929,7397.425776052235,3297.7484181428918,301139.54337830044,32.79021994550932,40.088910499374535,5205.351002618429,0.3117068621236428,7500.0,6770.25,10798.851122883769,13466.18640685393,10714.364499476897,8877.873406112309,0
36,2023,9,37,6686.0,10483.063073551864,0.1194324324324324,0.0621058558558558,7261.519114083562,3221.5439594683016,273680.93352814694,39.84413967744308,40.92206023272293,5131.330216269392,0.3066059769575125,7600.0,7193.0,10695.174194195126,7397.425776052235,10732.973410813252,8893.619253495597,0
37,2023,9,38,8437.0,10655.856239688976,0.1229583333333333,0.0614787037037037,7319.105105103866,3336.751134585109,342475.1990404281,50.31912816774898,42.12936970166061,5177.607707582916,0.3252215198781689,6686.0,7091.0,10483.063073551864,7261.519114083562,10705.339776544393,8874.536861279365,0
38,2023,9,39,10496.0,10588.727423152746,0.1241012658227848,0.0669464135021097,7257.636222171637,3331.09120098111,418514.5603868674,52.88022067676884,37.51598968476583,5201.519273910063,0.3233225254466839,8437.0,7555.75,10655.856239688976,7319.105105103866,10658.236157579933,8861.059100523398,0
39,2023,10,40,11887.0,10659.16837395581,0.1239753086419753,0.0668831275720164,7651.443071861121,3007.72530209469,456020.1546947674,48.44022646775115,35.69370286726872,5427.941776589198,0.2910581410293438,10496.0,8304.75,10588.727423152746,7257.636222171637,10605.705232647178,7308.921554352825,0
40,2023,10,41,8698.0,10694.55133774323,0.1216404958677686,0.0626657024793388,7298.061286052521,3396.490051690709,164727209.0526798,53.00513249451347,36.1640744362872,5264.655406146384,0.3277399700935102,11887.0,9376.5,10659.16837395581,7651.443071861121,10596.703777587349,7372.425878305046,0
41,2023,10,42,8929.0,10644.698644306784,0.118532,0.0654524,7510.953043647959,3133.745600658823,320915.2665000413,57.87623130534705,35.04590558412794,5326.25963236962,0.3013412484248301,8698.0,9879.5,10694.55133774323,7298.061286052521,10649.57584363519,7381.561421297286,0
42,2023,10,43,8797.0,10645.48191118719,0.1216651982378854,0.0666030837004405,7386.4871048317245,3258.994806355465,364068.4935994273,68.59437173511604,38.57039004734478,5199.65653689152,0.3156245915669984,8929.0,10002.5,10644.698644306784,7510.953043647959,10646.786444789643,7429.523405933309,0
43,2023,10,44,7204.0,10616.674678061496,0.1244170212765957,0.0609612765957446,7239.314445683091,3377.3602323784044,288815.4534818372,0.4206416901865057,0.1706160607429936,5202.8886021089365,0.3253774748848899,8797.0,9577.75,10645.48191118719,7386.4871048317245,10660.975066798253,7461.736126598331,0
44,2023,11,45,15842.0,10336.044484228612,0.1293373015873016,0.0627420634920634,7300.243319534369,3035.801164694244,564713.6458697811,0.3753025803055546,0.1332470429134661,5286.80693607625,0.3079694849164916,7204.0,8407.0,10616.674678061496,7239.314445683091,10650.351642824675,7358.703970053824,10
45,2023,11,46,46255.0,10300.941334632143,0.1241043165467625,0.0588744604316546,7363.378720868492,2937.562613763653,1482021.305605274,0.2048923391139115,0.058083193438305,5425.628024662068,0.2974398393837196,15842.0,10193.0,10336.044484228612,7300.243319534369,10560.72492944602,7359.249478424286,10
46,2023,11,47,30282.0,10409.19828245399,0.12612734082397,0.056567415730337,7363.080953001153,3046.1173294528385,1000525.0433016658,0.2344369609850158,0.0820304420406834,5423.981699614438,0.3055895795820152,46255.0,19524.5,10300.941334632143,7363.378720868492,10474.785602027361,7322.355897729419,0
47,2023,11,48,9281.0,10460.70154052782,0.1236963562753036,0.0591323886639676,7224.562475580589,3236.139064947232,342915.0074213133,0.2969986331961725,0.0863947414398655,5244.9051452334415,0.3198657116389974,30282.0,24895.75,10409.19828245399,7363.080953001153,10415.71469484406,7316.504359771777,0
48,2023,12,49,13296.0,10181.139690418016,0.1244092664092664,0.0596957528957528,7220.380785632505,2960.7589047855104,482212.81205456966,0.1942628024353077,0.0833939148137892,5249.021596761081,0.2976209214170937,9281.0,25415.0,10460.70154052782,7224.562475580589,10376.721410460643,7312.816367246151,1
49,2023,12,50,10764.0,10563.970810645686,0.1240891472868217,0.0590275193798449,7390.273969633634,3173.696841012053,379400.0827252504,0.2366553510970379,0.0479234840075185,5360.98871651407,0.3089564701218751,13296.0,24778.5,10181.139690418016,7220.380785632505,10337.995212007992,7292.850733770685,1
50,2023,12,51,12247.0,10296.587007875698,0.12091015625,0.0569859375,7145.024466129797,3151.562541745901,436525.6156506368,0.1529108000519076,0.0448181874716537,5204.001081167109,0.3065573681277398,10764.0,15905.75,10563.970810645686,7390.273969633634,10403.752581011378,7299.57454596197,1
51,2023,12,52,12085.0,10709.36497385918,0.12416015625,0.058072265625,7365.575280981461,3343.789692877721,435795.2285004776,0.1832077162214685,0.0343947547634231,5349.3691195267975,0.3160833111882955,12247.0,11397.0,10296.587007875698,7145.024466129797,10375.599762366804,7245.060424244131,0
52,2024,1,1,8797.0,10714.188525870632,0.1204811715481171,0.0585292887029288,6697.036044760516,4017.1524811101167,351366.6827296781,0.313617621977835,0.0384394759253041,4704.894119966319,0.3812710426452189,12085.0,12098.0,10709.36497385918,7365.575280981461,10437.765620699645,7280.313625594349,-5
53,2024,12,1,11218.0,10808.507452926808,0.1149025423728813,0.0618792372881355,6821.19350669762,3987.313946229187,472523.5786460983,49.0052820311613,0.093569911355666,4803.603422869915,0.3578128567680028,8797.0,10973.25,10714.188525870632,6697.036044760516,10571.0278295628,7149.477440376352,-5
54,2024,1,2,10205.0,10899.210162424131,0.1174041666666666,0.0591408333333333,6798.276019010542,4100.9341434135895,423486.08722157305,0.3252659655456481,0.0740934724268403,4819.566766487501,0.3901199903498898,11218.0,11086.75,10808.507452926808,6821.19350669762,10632.161990133078,7007.207324642349,-5
55,2024,1,3,10265.0,10750.651566399269,0.1252092050209205,0.0603573221757322,6702.26690508596,4048.384661313308,411000.3050117216,0.2921225278472625,0.0552201628011337,4738.579750926485,0.384906041036872,10205.0,10576.25,10899.210162424131,6798.276019010542,10782.817778770188,6920.520212862535,-5
56,2024,1,4,12047.0,10688.56954114181,0.1236031128404669,0.0614603112840467,6666.827094002005,4021.742447139805,438102.5540214039,0.2726410928013978,0.0564465126565561,4672.762159032763,0.3894601355088234,10265.0,10121.25,10750.651566399269,6702.26690508596,10793.13942690521,6754.69311888866,-5
57,2024,1,5,11779.0,10794.618654489994,0.1193650793650793,0.0571123015873015,6698.311760329488,4096.306894160505,444701.9552185506,0.2688384475711743,0.0863069321990451,4860.673524378572,0.3929106259886871,12047.0,10933.75,10688.56954114181,6666.827094002005,10786.734680723004,6747.140881199032,-5
58,2024,2,6,10866.0,10711.92051065219,0.1277833333333333,0.06444375,6927.189144580163,3784.731366072027,407371.6006194996,0.2269208489444743,0.055825214674575,4802.032296214792,0.3609511878777501,11779.0,11074.0,10794.618654489994,6698.311760329488,10783.262481113801,6716.420444606998,-5
59,2024,2,7,8747.0,10643.997054496827,0.1210970464135021,0.0621662447257384,6773.749939850339,3870.2471146464886,350953.304709968,0.3097424867163883,0.0081927239633866,4700.554292886498,0.3772514456438899,10866.0,11239.25,10711.92051065219,6927.189144580163,10736.440068170814,6748.648725999405,0
60,2024,2,8,9419.0,10478.704440864149,0.1210811965811965,0.0622653846153846,6664.125549588144,3814.5788912760017,367958.0849919712,0.1909592857706808,0.0051646375175786,4664.935170148974,0.3693110328091623,8747.0,10859.75,10643.997054496827,6773.749939850339,10709.776440195204,6766.519484690498,0
61,2024,2,9,11325.0,10443.22823824148,0.1224067796610169,0.0650161016949152,6781.096598527379,3662.1316397141018,436548.8018414734,0.4401457800504403,0.0345143334215591,4704.429955391949,0.3589843847196884,9419.0,10202.75,10478.704440864149,6664.125549588144,10657.31016512579,6765.844098587033,0
62,2024,3,10,10755.0,10480.92360629357,0.1213167420814479,0.0654045248868778,6724.649815953078,3756.273790340492,430085.4966573336,0.3419445515139755,0.0120430767489591,4683.402503641583,0.3663160055140728,11325.0,10089.25,10443.22823824148,6781.096598527379,10569.462561063661,6786.540308136506,0
63,2024,3,11,8304.0,10765.3952402968,0.1279783549783549,0.0664714285714285,6895.570990862678,3869.824249434122,319639.5183098119,0.3630820734238049,0.0052648796846246,4774.509053457014,0.3668373876203823,10755.0,10061.5,10480.92360629357,6724.649815953078,10511.713334974007,6735.9054759797355,0
64,2024,3,12,8474.0,10719.311916232182,0.1240755555555555,0.0628142222222222,6840.166111471347,3879.1458047608335,334280.02440665814,0.3631377921843418,0.0114618877854171,4776.784196981155,0.3757468820548113,8304.0,9950.75,10765.3952402968,6895.570990862678,10542.062881424,6766.36073873282,0
65,2024,3,13,9370.0,10679.059425618028,0.120175965665236,0.0609605150214592,6854.188494759263,3824.870930858765,367239.03184442926,0.3390055947090026,0.0036452706976925,4817.27093567751,0.3715834991634656,8474.0,9714.5,10719.311916232182,6840.166111471347,10602.214750266008,6810.3708792036205,0
66,2024,4,14,8903.0,10935.299100550244,0.1279954337899543,0.0657182648401826,6983.620065175979,3951.679035374266,373893.60875808646,0.4243247433025452,0.0469428724804466,4772.623182498448,0.3733366737480908,9370.0,9225.75,10679.059425618028,6854.188494759263,10661.172547110145,6828.643853261592,0
67,2024,4,15,6945.0,10782.98411148572,0.1215307017543859,0.0663276315789473,6891.755682226772,3891.228429258948,281840.159006683,0.4131393440835301,0.0477856933578886,4731.21062992125,0.3639484106750126,8903.0,8762.75,10935.299100550244,6983.620065175979,10774.766420674314,6893.386415567316,0
68,2024,4,16,6610.0,10437.875887235405,0.1218317757009345,0.0689233644859813,6431.986148447223,4005.8897387881816,281982.088160284,0.3837656284806138,0.048413441664678,4728.360457237407,0.3913866585093296,6945.0,8423.0,10782.98411148572,6891.755682226772,10779.163638471544,6892.43258840834,0
69,2024,4,17,15241.0,10652.253184824009,0.128162037037037,0.0691587962962963,7015.971293946196,3636.2818908778127,662557.9195535393,0.5237300238085638,0.0500162586598756,4860.983357195672,0.3439974578369774,6610.0,7957.0,10437.875887235405,6431.986148447223,10708.804631222349,6790.3875976523095,0
70,2024,4,18,9454.0,10781.993555429848,0.1230552995391705,0.0671502304147465,6891.650975766639,3890.3425796632096,387766.4949457577,1.7554438246439878,0.0554956696132615,4736.16253384841,0.3707118924213531,15241.0,9424.75,10652.253184824009,7015.971293946196,10702.103071023845,6830.833297449042,1
71,2024,5,19,12594.0,10587.699415116263,0.1174878048780487,0.0654541463414634,6714.621576621835,3873.077838494429,556932.8110905486,0.3442081212226395,0.0502269525821355,4670.139247609366,0.3728324673235784,9454.0,9562.5,10781.993555429848,6891.650975766639,10663.776684743745,6807.841025096707,1
72,2024,5,20,14717.0,10339.490371321452,0.1174177777777777,0.061404,6735.304348528893,3604.186022792561,576072.0621728709,0.3781193071761476,0.0571698365044111,4815.596143682466,0.3592175697729708,12594.0,10974.75,10587.699415116263,6714.621576621835,10614.955510651382,6763.557498695473,0
73,2024,5,21,15348.0,10448.84069481705,0.1202522123893805,0.0626946902654867,6838.564617358226,3610.276077458825,627191.3441042154,0.3011221783219326,0.0096578335198433,4885.649384024071,0.3543298765088653,14717.0,13001.5,10339.490371321452,6735.304348528893,10590.359131672893,6839.387048715891,0
74,2024,5,22,6290.0,10431.095834183923,0.1219460784313725,0.0629083333333333,6856.197263551149,3574.898570632776,286067.8691964994,0.6221274227560927,0.0523034825943628,4798.199876894093,0.3498061262933808,15348.0,13028.25,10448.84069481705,6838.564617358226,10539.506009171153,6795.035379568898,0
75,2024,6,23,9355.0,10490.762839959572,0.1190967741935483,0.0633359447004608,6990.848593207848,3499.914246751723,402554.5951518949,0.4890247824489983,0.0681933132092546,4909.830444448065,0.3162882152414661,6290.0,12237.25,10431.095834183923,6856.197263551149,10451.781578859673,6786.171951515025,0
76,2024,6,24,6457.0,10775.367470798186,0.1163054187192118,0.060647290640394,6767.19136415689,4008.176106641296,294171.9838345015,0.4179056107343343,0.0735208026238981,4752.372276078103,0.386222459752743,9355.0,11427.5,10490.762839959572,6990.848593207848,10427.547435070499,6855.22870566153,0
77,2024,6,25,6867.0,10525.056164555956,0.1246820276497695,0.0620152073732718,6813.226283520853,3711.829881035102,291861.8390647696,0.58346647631154,0.0817724230454645,4780.235359603387,0.3622595961194255,6457.0,9362.5,10775.367470798186,6767.19136415689,10536.516709939682,6863.2004595685285,0
78,2024,6,26,8010.0,10782.876044325463,0.1178558951965065,0.0587698689956331,6746.127709131687,4036.748335193779,331618.9161099804,26.720264794749266,0.0651578906009936,4803.3731643762885,0.383000102351654,6867.0,7242.25,10525.056164555956,6813.226283520853,10555.570577374408,6856.865876109185,0
79,2024,7,27,8199.0,10774.350199933218,0.1196624472573839,0.0612696202531645,6890.843074923165,3883.507125010055,332297.4493455602,33.92344523904975,0.0619159131600874,4817.296791154662,0.3677649860128042,8010.0,7672.25,10782.876044325463,6746.127709131687,10643.515629909794,6829.34848750432,0
80,2024,7,28,8374.0,10581.824461871733,0.1090128205128205,0.061425641025641,6905.0732693821255,3676.751192489607,340284.4998484998,0.567584970118743,0.0680113841033381,4887.542376603996,0.3466955483977231,8199.0,7383.25,10774.350199933218,6890.843074923165,10714.412469903205,6804.347107933149,0
81,2024,7,29,10435.0,10332.785365753442,0.1098837209302325,0.0608553488372093,6673.010070234274,3659.775295519168,434799.5528658375,35.66452544071329,0.0666139594545354,4839.627810943604,0.3496208622448009,8374.0,7862.5,10581.824461871733,6905.0732693821255,10666.026717671593,6838.817584239458,0
82,2024,7,30,9883.0,10429.259732878898,0.1151452991452991,0.0636380341880342,6872.28794555942,3556.9717873194786,384394.15280979953,0.5006428423646753,0.050333302269031,4836.337058863098,0.3432803939436393,10435.0,8754.5,10332.785365753442,6673.010070234274,10617.959017970963,6803.763530917812,0
83,2024,7,31,8505.0,10613.290744826649,0.1097092511013215,0.0617837004405286,6775.580692215555,3837.710052611094,352288.7087935454,0.7089235943882101,0.0425631074750017,4736.895649409362,0.3697596613378278,9883.0,9222.75,10429.259732878898,6872.28794555942,10529.554940109323,6835.303590024747,0
84,2024,8,32,7699.0,10844.167090737415,0.1112974137931034,0.0614866379310344,6883.131747444396,3961.035343293018,318645.1092529031,0.4736446302120385,0.0483843759395752,4827.050559583858,0.3726821725212543,8505.0,9299.25,10613.290744826649,6775.580692215555,10489.29007633268,6806.487994347844,0
85,2024,8,33,7661.0,10963.515690047134,0.1092907488986784,0.0626418502202643,7002.023512098072,3961.492177949062,326574.20144279057,0.4903748543548177,0.0499846920551766,4903.284434279097,0.3738594559441874,7699.0,9130.5,10844.167090737415,6883.131747444396,10554.875733549101,6801.002613863412,0
86,2024,8,34,7311.0,10866.046034984114,0.113791304347826,0.0633560869565217,7036.758925581396,3829.287109402717,306402.8100827466,0.4302289917673762,0.0433203270159791,4868.534256858283,0.3653178760353507,7661.0,8437.0,10963.515690047134,7002.023512098072,10712.558314622524,6883.255974329361,0
87,2024,8,35,7606.0,10592.220197498553,0.1106875,0.0621983333333333,6896.926984481668,3695.293213016884,306561.3384714805,0.4482405750729247,0.0570705737249854,4866.484612297541,0.3369895001047987,7311.0,7794.0,10866.046034984114,7036.758925581396,10821.754890148828,6924.373719334855,0
88,2024,9,36,8413.0,10712.09774113601,0.1116946902654867,0.0635911504424778,6931.730599442895,3780.367141693115,352787.9763076498,0.4398143297113285,0.0723233644169834,4848.516550496681,0.3616835059857773,7606.0,7569.25,10592.220197498553,6896.926984481668,10816.487253316804,6954.710292401383,0
89,2024,9,37,8112.0,10661.410372514169,0.1095982142857142,0.0593544642857142,6769.00430153588,3892.406070978288,334925.2634821728,80.26867436606149,0.0470626127088128,4748.367265676518,0.3774729336500781,8413.0,7747.75,10712.09774113601,6931.730599442895,10783.469915916454,6966.860005401008,0
90,2024,9,38,9322.0,10946.130490835443,0.1104690265486725,0.0633092920353982,7010.177064060699,3935.9534267747463,383210.98159165785,79.60286140335795,0.0791652421837858,4861.794136150443,0.3735703962092777,8112.0,7860.5,10661.410372514169,6769.00430153588,10707.943586533213,6908.60520276046,0
91,2024,9,39,8650.0,10618.103394771406,0.1091746724890829,0.0642646288209606,6881.860673355525,3736.2427214158806,356706.9608010543,78.54504135954824,0.0457545889935194,4784.0899690734495,0.349556654721704,9322.0,8363.25,10946.130490835443,7010.177064060699,10727.964700496044,6901.959737380286,0
92,2024,9,40,13775.0,10569.542495572903,0.1144957264957265,0.0679645299145299,6835.825312591458,3733.717182981448,590024.5200687847,76.93093279770713,0.0587125192373694,4862.002956999829,0.3666184359597748,8650.0,8624.25,10618.103394771406,6881.860673355525,10734.435499814257,6898.19315959875,0
93,2024,10,41,7834.0,10735.6341957515,0.1149269406392694,0.0673703196347032,6953.897749860215,3781.736445891287,339211.1528444156,81.99524202944825,0.0469250989390528,4749.182245906484,0.3614055292805289,13775.0,9964.75,10569.542495572903,6835.825312591458,10698.79668842348,6874.2168378858905,0
94,2024,10,42,8886.0,10734.387789276308,0.1136515837104072,0.0650235294117647,6769.249846004788,3965.137943271519,394648.2019974227,72.04787962332857,0.0642302472044653,4790.012966088778,0.3758535264048604,7834.0,9895.25,10735.6341957515,6953.897749860215,10717.352644232813,6920.440199966975,0
95,2024,10,43,8728.0,10869.01555050789,0.110358407079646,0.0626256637168141,6972.3556705527135,3896.659879955177,370491.8916222548,75.26884601382226,0.0652607695799002,4868.535427070487,0.3653507462555084,8886.0,9786.25,10734.387789276308,6769.249846004788,10664.416968843028,6860.208395452997,0
96,2024,10,44,7288.0,10857.792586928235,0.1114126213592233,0.0586451456310679,6965.851828594371,3891.940758333865,347379.24539299525,91.68935178740352,0.0835740098047351,4908.802297175218,0.3646450896290593,8728.0,9805.75,10869.01555050789,6972.3556705527135,10727.145007777151,6882.832144752294,0
97,2024,11,45,14696.0,10354.790003338714,0.1159030837004405,0.0598140969162995,6620.693765861318,3734.0962374773953,626410.867422892,87.75268470389548,0.6021476800493668,4793.504672631013,0.3687937453637958,7288.0,8184.0,10857.792586928235,6965.851828594371,10799.207530615984,6915.338773753022,10
98,2024,11,46,49491.0,10242.287325013654,0.1123510204081632,0.0630081632653061,6454.197704374138,3788.089620639517,1903579.8493577028,49.52205446005415,0.0529918525787708,4813.022992472898,0.3726934063519517,14696.0,9899.5,10354.790003338714,6620.693765861318,10703.996482512786,6832.037777753298,10
99,2024,11,47,32719.0,10250.367622366774,0.1115,0.0626831967213114,6751.52779874265,3498.8398236241264,1253954.588068024,51.9747553913571,0.4769526990322785,4826.219618881968,0.3452046271334505,49491.0,20050.75,10242.287325013654,6454.197704374138,10580.971366447124,6753.274742345635,0
100,2024,11,48,10136.0,10745.811126398852,0.1097123287671233,0.0554429223744292,6628.480453145095,4117.330673253758,449643.3960012064,36.68177616597683,0.4660053479447856,4819.755426783402,0.390777185858393,32719.0,26048.5,10250.367622366774,6751.52779874265,10426.309384411845,6698.067774393119,0
101,2024,12,49,14806.0,10450.165188113098,0.1164334763948497,0.0583034334763948,6663.555326398063,3786.609861715034,585509.2230396607,67.29164284293951,0.0734255965094315,4825.605936913927,0.3671305741982051,10136.0,26760.5,10745.811126398852,6628.480453145095,10398.3140192795,6613.7249305308005,1
102,2024,12,50,11747.0,10800.07428107812,0.1117302904564315,0.0611734439834024,6801.165431725618,3998.908849352504,460067.4966613564,0.6134731206456548,0.0774620879508937,4854.6389668088805,0.3816185657755235,14806.0,26788.0,10450.165188113098,6663.555326398063,10422.157815473094,6624.440320664986,1
103,2024,12,51,14668.0,10349.292640888598,0.1165189873417721,0.059668776371308,6629.9640532766925,3719.328587611905,578160.7888716849,0.276662014911449,0.091583298489829,4769.361208132575,0.3622293310414126,11747.0,17352.0,10800.07428107812,6801.165431725618,10561.604554489211,6711.1822525028565,1
104,2024,12,52,12271.0,10607.975088813768,0.116191304347826,0.0607321739130434,6735.011906222389,3872.963182591378,509256.16978280176,0.2721011013408592,0.0899902603534421,4825.95912217987,0.374071493643718,14668.0,12839.25,10349.292640888598,6629.9640532766925,10586.335809119668,6680.791316136367,0
105,2025,1,1,4678.0,9071.434249694828,0.2538235294117647,0.0176264705882352,4299.882865971765,4771.551383723063,1275060.2467107782,336.2647058823529,0.0,3796.697091097059,0.527255870008568,12271.0,13373.0,10607.975088813768,6735.011906222389,10551.876799723395,6707.424179405691,-5
106,2025,1,2,11127.0,10735.33360943931,0.1109422222222222,0.0589973333333333,6995.15853284696,3740.17507659235,509635.18564127694,51.00586689977624,0.0553233574575011,4977.565668339556,0.3408771392419832,4678.0,10841.0,9071.434249694828,4299.882865971765,10207.194065118829,6116.506064299117,-5
107,2025,1,3,10015.0,11151.086110314396,0.1097445887445887,0.0607532467532467,7244.66493921856,3906.421171095837,464261.39992885455,31.051399612663417,0.0721030894880941,5114.765509003463,0.3614689875613568,11127.0,10686.0,10735.33360943931,6995.15853284696,10191.008897209125,6165.004339579452,-5
108,2025,1,4,7944.0,10996.463654400684,0.1119823008849557,0.0596880530973451,7185.588864778274,3810.874789622407,371250.4661689928,28.51863898662977,0.0501123568299117,5045.491036843363,0.3556458859105348,10015.0,9522.75,11151.086110314396,7244.66493921856,10391.457264565575,6318.679561064919,-5
109,2025,1,5,8443.0,10802.510460634903,0.1065371179039301,0.0622541484716157,7125.380701277273,3677.12975935763,377812.7227929576,36.48171974064514,0.0470863196421514,5056.229549319214,0.3367911598691978,7944.0,8441.0,10996.463654400684,7185.588864778274,10488.579405962306,6431.32380070389,-5
110,2025,2,6,8718.0,10796.213949116316,0.1097321428571428,0.0608035714285714,7112.282693093026,3683.931256023292,109303.5457142857,37.39722199439577,0.0475200574780156,5033.0052852392855,0.3442152259859503,8443.0,9382.25,10802.510460634903,7125.380701277273,10921.348458697325,7137.698259530267,-5
111,2025,2,7,8023.0,10744.489880626845,0.1116444444444444,0.0598426666666666,7007.189346997895,3737.300533628948,102787.2076,24.370242325721176,0.0499040592730261,4981.122998835555,0.353022343433611,8718.0,8780.0,10796.213949116316,7112.282693093026,10936.568543616575,7166.979299591783,0
112,2025,2,8,8356.0,10672.675629241568,0.1120977777777777,0.0597791111111111,7022.090560623788,3650.5850686177782,109446.57408888888,28.14757570287247,0.0599742740322917,4987.530855615111,0.3481347277793739,8023.0,8282.0,10744.489880626845,7007.189346997895,10834.919486194687,7107.610401536616,0
113,2025,2,9,9148.0,10531.971619267944,0.1112533333333333,0.0591884444444444,7024.192928641503,3507.778690626438,397350.7609835493,44.30437611479459,0.0675082810385136,5010.750287160889,0.3368805771857846,8356.0,8385.0,10672.675629241568,7022.090560623788,10753.972479904907,7066.735825497995,0
114,2025,3,10,9636.0,10500.925691971654,0.1107846889952153,0.0577631578947368,6904.594961313684,3596.330730657971,429077.099814594,42.63671003319945,0.0669543176122123,4957.794222399043,0.3527806818134906,9148.0,8561.25,10531.971619267944,7024.192928641503,10686.337769563168,7041.438882339053,0
115,2025,3,11,8704.0,10818.641030647816,0.1064905660377358,0.058218396226415,7071.836924633825,3746.804106013994,394971.9728947465,52.10660279686709,0.0740320999754962,5056.996983793396,0.3550687420300883,9636.0,8790.75,10500.925691971654,6904.594961313684,10612.515705277003,6989.516949394218,0
116,2025,3,12,8338.0,10788.404896460745,0.1105446009389671,0.0634220657276995,7035.449370276533,3752.955526184209,398158.2859189635,62.43991338833367,0.069483433166046,4963.764489584976,0.3523163855486872,8704.0,8961.0,10818.641030647816,7071.836924633825,10631.053492782245,7005.6788438032,0
117,2025,3,13,8430.0,10980.908478418538,0.1086296296296296,0.0635342592592592,7087.669030174665,3893.2394482438735,401009.1931136322,79.30170038901333,0.0695741221756261,5048.384000982408,0.3639254776450731,8338.0,8956.5,10788.404896460745,7035.449370276533,10659.98580958704,7009.018546216386,0
118,2025,3,14,8437.0,10957.183442441425,0.1149823008849557,0.0645451327433628,7115.747234460532,3841.436207980891,377960.202583278,78.26069972570096,0.0588026550251604,5006.565183684072,0.3637169978264136,8430.0,8777.0,10980.908478418538,7087.669030174665,10772.220024374688,7024.887571599676,0
119,2025,4,15,7960.0,10974.557821300996,0.1119259259259259,0.0601828703703703,6978.160205449632,3996.3976158513615,370923.9555940407,82.13866522052007,0.0544785614924,4926.334232335184,0.3783381730461269,8437.0,8477.25,10957.183442441425,7115.747234460532,10886.28446199213,7077.675639886389,0
120,2025,4,16,7792.0,10654.896030853824,0.1184585365853658,0.0653717073170731,6875.094699503728,3779.8013313500937,377017.18744248495,101.59023025751898,0.0586572750091154,4853.481911968781,0.3587919239079725,7960.0,8291.25,10974.557821300996,6978.160205449632,10925.263659655426,7054.256460090341,0
121,2025,4,17,9945.0,10819.451970900704,0.1128277511961722,0.0641593301435406,7038.110024267767,3781.341946632936,469730.1757004376,106.01938776400416,0.0630579431716179,5014.022758357894,0.3618789853234815,7792.0,8154.75,10654.896030853824,6875.094699503728,10891.886443253696,7014.167792397139,0
122,2025,4,18,15650.0,10444.962670929635,0.1088153153153153,0.0629576576576576,6880.572171675611,3564.3904992540265,709510.5811761225,97.91454644007358,0.0808419525883374,4952.70396244955,0.3516428079493575,9945.0,8533.5,10819.451970900704,7038.110024267767,10851.522316374238,7001.778040920415,1
123,2025,5,19,13864.0,10718.334189057843,0.1097227272727272,0.0612986363636363,6892.649178731687,3825.685010326156,601668.3591272791,86.05703127382917,0.0804909743366681,4949.14699464,0.3658547746728753,15650.0,10336.75,10444.962670929635,6880.572171675611,10723.46712349629,6942.984275224184,1
124,2025,5,20,11932.0,10790.862000292807,0.1116306306306306,0.0618490990990991,6921.96629781655,3868.8957024762576,503478.62958236126,45.83899307015333,0.0657951316682225,4932.390513994595,0.3706761908608911,13864.0,11812.75,10718.334189057843,6892.649178731687,10659.411215435503,6921.606518544698,0
125,2025,5,21,10314.0,10568.648666989311,0.1100322580645161,0.0604341013824884,6946.125565262814,3622.523101726498,449591.02387836046,55.25062995931725,0.061728758376233,5031.42640308387,0.3478649387441753,11932.0,12847.75,10790.862000292807,6921.96629781655,10693.402707795249,6933.324418122904,0
126,2025,5,22,23297.0,10292.51093564486,0.1041008403361344,0.0580735294117647,6929.864611340587,3362.646324304276,892392.4508658303,11.628171250778268,0.0530020599821797,5091.489502773949,0.323250856188959,10314.0,12940.0,10568.648666989311,6946.125565262814,10630.701881817398,6910.328303371665,0
127,2025,6,23,18163.0,10346.690757199209,0.1020466101694915,0.0571004237288135,6819.892409446258,3526.7983477529474,735349.1395766226,50.9837254340767,0.0497210583781997,5001.264335447458,0.3470257292195948,23297.0,14851.75,10292.51093564486,6929.864611340587,10592.588947996204,6922.651413287909,0
128,2025,6,24,10194.0,10343.532705811764,0.1111304347826087,0.0623652173913043,6852.092823157995,3491.439882653769,419998.9323627336,50.01903396046905,0.0447161708720929,4937.9633205939135,0.3421863949114005,18163.0,15926.5,10346.690757199209,6819.892409446258,10499.678090031546,6904.462220966552,0
129,2025,6,25,9360.0,10697.57799309492,0.1060137614678899,0.0590192660550458,6856.0645798004025,3841.513413294519,418283.686872907,55.28282001834981,0.0436381306943732,4975.009115617432,0.3692270192127832,10194.0,15492.0,10343.532705811764,6852.092823157995,10387.845766411287,6886.993852301914,0
130,2025,6,26,10451.0,10769.47338700317,0.1073333333333333,0.0606508547008547,7093.09530550494,3676.378081498229,413710.12785944936,52.32416603740571,0.0320469123914536,4998.304003434188,0.3387632508083373,9360.0,15253.5,10697.57799309492,6856.0645798004025,10420.078097937687,6864.4786059363105,0
131,2025,6,27,8884.0,10550.124690361052,0.1071746724890829,0.0610336244541484,6956.809056021224,3593.315634339828,334280.51144764584,53.53441546840455,0.0460367922782146,5005.101306400874,0.3102735555474014,10451.0,12042.0,10769.47338700317,7093.09530550494,10539.318710777265,6905.286279477399,0
132,2025,7,28,8698.0,10781.78422633855,0.106051724137931,0.0627060344827586,6940.100169863794,3841.684056474756,372813.5218096605,44.86217276110851,0.0483331430710271,5011.76297627931,0.3626163283673333,8884.0,9722.25,10550.124690361052,6956.809056021224,10590.177194067726,6939.515441121141,0
133,2025,7,29,10632.0,10673.59553092657,0.1072385321100917,0.0581073394495412,6854.34016951611,3819.255361410461,482886.0635574349,37.97229576022501,0.0417321974661424,4902.372048887614,0.3637470736068854,8698.0,9348.25,10781.78422633855,6940.100169863794,10699.740074199422,6961.5172777975895,0
134,2025,7,30,9980.0,10843.339391807196,0.1071777777777777,0.0609106666666666,6959.165022048522,3884.1743697586735,442001.2294955712,35.90890463076698,0.0440386247877758,4955.927622426667,0.3704475417437574,10632.0,9666.25,10673.59553092657,6854.34016951611,10693.744458657335,6961.086175226517,0
135,2025,7,31,8898.0,10964.242140240096,0.1068248847926267,0.0625732718894009,7048.985957820054,3915.2561824200416,405800.11710995616,36.43312996080505,0.037524133343885,4984.714929752995,0.3642163918371109,9980.0,9548.5,10843.339391807196,6959.165022048522,10712.210959858341,6927.603604362413,0
